subsector;sector;año_emision;alcance_1;alcance_2;alcance_3
Actividades de agricultura, Forestación y otros usos de la tierra;Energía;2000;;;
Actividades de agricultura, Forestación y otros usos de la tierra;Energía;2001;;;
Actividades de agricultura, Forestación y otros usos de la tierra;Energía;2002;;;
Actividades de agricultura, Forestación y otros usos de la tierra;Energía;2003;;;
Actividades de agricultura, Forestación y otros usos de la tierra;Energía;2004;;;
Actividades de agricultura, Forestación y otros usos de la tierra;Energía;2005;;;
Actividades de agricultura, Forestación y otros usos de la tierra;Energía;2006;;;
Actividades de agricultura, Forestación y otros usos de la tierra;Energía;2007;;;
Actividades de agricultura, Forestación y otros usos de la tierra;Energía;2008;;;
Actividades de agricultura, Forestación y otros usos de la tierra;Energía;2009;;;
Actividades de agricultura, Forestación y otros usos de la tierra;Energía;2010;;;
Actividades de agricultura, Forestación y otros usos de la tierra;Energía;2011;;;
Actividades de agricultura, Forestación y otros usos de la tierra;Energía;2012;;;
Actividades de agricultura, Forestación y otros usos de la tierra;Energía;2013;;;
Actividades de agricultura, Forestación y otros usos de la tierra;Energía;2014;;;
Actividades de agricultura, Forestación y otros usos de la tierra;Energía;2015;;;
Actividades de agricultura, Forestación y otros usos de la tierra;Energía;2016;;;
Actividades de agricultura, Forestación y otros usos de la tierra;Energía;2017;;;
Actividades de agricultura, Forestación y otros usos de la tierra;Energía;2018;;;
Actividades de agricultura, Forestación y otros usos de la tierra;Energía;2019;;;
Actividades de agricultura, Forestación y otros usos de la tierra;Energía;2020;;;
Agua residual generada en la ciudad;Residuos;2000;78.477;;280.524
Agua residual generada en la ciudad;Residuos;2001;76.618;;258.575
Agua residual generada en la ciudad;Residuos;2002;73.831;;263.168
Agua residual generada en la ciudad;Residuos;2003;77.345;;267.716
Agua residual generada en la ciudad;Residuos;2004;82.235;;273.477
Agua residual generada en la ciudad;Residuos;2005;93.669;;280.443
Agua residual generada en la ciudad;Residuos;2006;96.788;;281.751
Agua residual generada en la ciudad;Residuos;2007;110.646;;282.632
Agua residual generada en la ciudad;Residuos;2008;108.021;;283.170
Agua residual generada en la ciudad;Residuos;2009;107.288;;283.495
Agua residual generada en la ciudad;Residuos;2010;99.208;;287.268
Agua residual generada en la ciudad;Residuos;2011;96.121;;288.123
Agua residual generada en la ciudad;Residuos;2012;97.910;;289.115
Agua residual generada en la ciudad;Residuos;2013;93.769;;290.388
Agua residual generada en la ciudad;Residuos;2014;98.162;;291.529
Agua residual generada en la ciudad;Residuos;2015;100.741;;292.812
Agua residual generada en la ciudad;Residuos;2016;89.437;;293.798
Agua residual generada en la ciudad;Residuos;2017;94.081;;294.806
Agua residual generada en la ciudad;Residuos;2018;74.926;;295.439
Agua residual generada en la ciudad;Residuos;2019;80.302;;296.019
Agua residual generada en la ciudad;Residuos;2020;71.432;;296.368
Agua residual generada fuera de la ciudad;Residuos;2000;;;
Agua residual generada fuera de la ciudad;Residuos;2001;;;
Agua residual generada fuera de la ciudad;Residuos;2002;;;
Agua residual generada fuera de la ciudad;Residuos;2003;;;
Agua residual generada fuera de la ciudad;Residuos;2004;;;
Agua residual generada fuera de la ciudad;Residuos;2005;;;
Agua residual generada fuera de la ciudad;Residuos;2006;;;
Agua residual generada fuera de la ciudad;Residuos;2007;;;
Agua residual generada fuera de la ciudad;Residuos;2008;;;
Agua residual generada fuera de la ciudad;Residuos;2009;;;
Agua residual generada fuera de la ciudad;Residuos;2010;;;
Agua residual generada fuera de la ciudad;Residuos;2011;;;
Agua residual generada fuera de la ciudad;Residuos;2012;;;
Agua residual generada fuera de la ciudad;Residuos;2013;;;
Agua residual generada fuera de la ciudad;Residuos;2014;;;
Agua residual generada fuera de la ciudad;Residuos;2015;;;
Agua residual generada fuera de la ciudad;Residuos;2016;;;
Agua residual generada fuera de la ciudad;Residuos;2017;;;
Agua residual generada fuera de la ciudad;Residuos;2018;;;
Agua residual generada fuera de la ciudad;Residuos;2019;;;
Agua residual generada fuera de la ciudad;Residuos;2020;;;
Aviación;Transporte;2000;;;
Aviación;Transporte;2001;;;
Aviación;Transporte;2002;;;
Aviación;Transporte;2003;;;
Aviación;Transporte;2004;;;
Aviación;Transporte;2005;;;
Aviación;Transporte;2006;;;
Aviación;Transporte;2007;;;
Aviación;Transporte;2008;;;
Aviación;Transporte;2009;;;
Aviación;Transporte;2010;;;
Aviación;Transporte;2011;;;
Aviación;Transporte;2012;;;
Aviación;Transporte;2013;;;
Aviación;Transporte;2014;;;
Aviación;Transporte;2015;;;
Aviación;Transporte;2016;;;
Aviación;Transporte;2017;;;
Aviación;Transporte;2018;;;
Aviación;Transporte;2019;;;
Aviación;Transporte;2020;;;
Edificios e instalaciones comerciales;Energía;2000;753.017;962.302;136.807
Edificios e instalaciones comerciales;Energía;2001;688.281;724.780;105.394
Edificios e instalaciones comerciales;Energía;2002;636.275;620.903;101.866
Edificios e instalaciones comerciales;Energía;2003;703.728;663.801;107.974
Edificios e instalaciones comerciales;Energía;2004;734.363;897.340;141.931
Edificios e instalaciones comerciales;Energía;2005;640.230;969.054;148.678
Edificios e instalaciones comerciales;Energía;2006;632.168;1.076.896;161.749
Edificios e instalaciones comerciales;Energía;2007;801.323;1.242.993;185.452
Edificios e instalaciones comerciales;Energía;2008;725.388;1.398.844;202.646
Edificios e instalaciones comerciales;Energía;2009;611.025;1.331.968;193.852
Edificios e instalaciones comerciales;Energía;2010;667.619;1.374.642;197.396
Edificios e instalaciones comerciales;Energía;2011;628.368;1.503.705;211.298
Edificios e instalaciones comerciales;Energía;2012;692.768;1.599.532;221.228
Edificios e instalaciones comerciales;Energía;2013;710.264;1.424.021;203.149
Edificios e instalaciones comerciales;Energía;2014;693.278;1.431.796;207.190
Edificios e instalaciones comerciales;Energía;2015;646.084;1.547.090;241.867
Edificios e instalaciones comerciales;Energía;2016;636.082;1.465.570;235.071
Edificios e instalaciones comerciales;Energía;2017;527.405;1.329.952;209.684
Edificios e instalaciones comerciales;Energía;2018;400.868;1.260.421;225.032
Edificios e instalaciones comerciales;Energía;2019;509.254;1.033.029;199.799
Edificios e instalaciones comerciales;Energía;2020;364.069;888.913;197.740
Edificios e instalaciones institucionales;Energía;2000;91.825;220.341;31.328
Edificios e instalaciones institucionales;Energía;2001;85.498;167.256;24.553
Edificios e instalaciones institucionales;Energía;2002;81.856;163.760;26.990
Edificios e instalaciones institucionales;Energía;2003;90.168;261.904;43.647
Edificios e instalaciones institucionales;Energía;2004;93.418;346.246;54.516
Edificios e instalaciones institucionales;Energía;2005;107.752;379.283;57.805
Edificios e instalaciones institucionales;Energía;2006;107.482;421.924;64.058
Edificios e instalaciones institucionales;Energía;2007;88.961;499.072;75.680
Edificios e instalaciones institucionales;Energía;2008;100.116;555.393;80.721
Edificios e instalaciones institucionales;Energía;2009;88.478;523.171;78.273
Edificios e instalaciones institucionales;Energía;2010;92.603;542.805;80.862
Edificios e instalaciones institucionales;Energía;2011;91.429;612.512;89.762
Edificios e instalaciones institucionales;Energía;2012;91.139;614.353;89.908
Edificios e instalaciones institucionales;Energía;2013;85.774;658.835;99.571
Edificios e instalaciones institucionales;Energía;2014;91.094;642.602;101.844
Edificios e instalaciones institucionales;Energía;2015;82.264;623.630;104.635
Edificios e instalaciones institucionales;Energía;2016;95.426;603.800;108.729
Edificios e instalaciones institucionales;Energía;2017;80.639;619.440;109.680
Edificios e instalaciones institucionales;Energía;2018;84.062;549.089;107.419
Edificios e instalaciones institucionales;Energía;2019;92.365;444.504;95.019
Edificios e instalaciones institucionales;Energía;2020;48.971;400.466;90.399
Edificios residenciales;Energía;2000;2.554.290;799.038;113.348
Edificios residenciales;Energía;2001;2.397.893;613.544;90.105
Edificios residenciales;Energía;2002;2.350.464;559.975;92.327
Edificios residenciales;Energía;2003;2.427.945;658.684;108.533
Edificios residenciales;Energía;2004;2.368.182;821.022;129.506
Edificios residenciales;Energía;2005;2.371.628;902.469;137.918
Edificios residenciales;Energía;2006;2.218.269;1.003.074;151.631
Edificios residenciales;Energía;2007;2.564.524;1.254.994;189.086
Edificios residenciales;Energía;2008;2.336.158;1.367.105;198.437
Edificios residenciales;Energía;2009;2.393.185;1.255.243;186.093
Edificios residenciales;Energía;2010;2.381.776;1.305.335;192.367
Edificios residenciales;Energía;2011;2.489.836;1.467.964;212.514
Edificios residenciales;Energía;2012;2.415.129;1.526.641;219.247
Edificios residenciales;Energía;2013;2.414.187;1.459.471;215.429
Edificios residenciales;Energía;2014;2.135.023;1.643.488;249.052
Edificios residenciales;Energía;2015;2.192.272;1.618.640;262.099
Edificios residenciales;Energía;2016;2.257.682;1.663.004;282.179
Edificios residenciales;Energía;2017;1.864.140;1.432.844;241.598
Edificios residenciales;Energía;2018;1.886.180;1.382.503;259.309
Edificios residenciales;Energía;2019;1.821.303;1.130.409;229.963
Edificios residenciales;Energía;2020;1.852.857;1.259.732;282.222
Emisiones fugitivas de minería, procesamiento, almacenamiento y transporte de carbón;Energía;2000;;;
Emisiones fugitivas de minería, procesamiento, almacenamiento y transporte de carbón;Energía;2001;;;
Emisiones fugitivas de minería, procesamiento, almacenamiento y transporte de carbón;Energía;2002;;;
Emisiones fugitivas de minería, procesamiento, almacenamiento y transporte de carbón;Energía;2003;;;
Emisiones fugitivas de minería, procesamiento, almacenamiento y transporte de carbón;Energía;2004;;;
Emisiones fugitivas de minería, procesamiento, almacenamiento y transporte de carbón;Energía;2005;;;
Emisiones fugitivas de minería, procesamiento, almacenamiento y transporte de carbón;Energía;2006;;;
Emisiones fugitivas de minería, procesamiento, almacenamiento y transporte de carbón;Energía;2007;;;
Emisiones fugitivas de minería, procesamiento, almacenamiento y transporte de carbón;Energía;2008;;;
Emisiones fugitivas de minería, procesamiento, almacenamiento y transporte de carbón;Energía;2009;;;
Emisiones fugitivas de minería, procesamiento, almacenamiento y transporte de carbón;Energía;2010;;;
Emisiones fugitivas de minería, procesamiento, almacenamiento y transporte de carbón;Energía;2011;;;
Emisiones fugitivas de minería, procesamiento, almacenamiento y transporte de carbón;Energía;2012;;;
Emisiones fugitivas de minería, procesamiento, almacenamiento y transporte de carbón;Energía;2013;;;
Emisiones fugitivas de minería, procesamiento, almacenamiento y transporte de carbón;Energía;2014;;;
Emisiones fugitivas de minería, procesamiento, almacenamiento y transporte de carbón;Energía;2015;;;
Emisiones fugitivas de minería, procesamiento, almacenamiento y transporte de carbón;Energía;2016;;;
Emisiones fugitivas de minería, procesamiento, almacenamiento y transporte de carbón;Energía;2017;;;
Emisiones fugitivas de minería, procesamiento, almacenamiento y transporte de carbón;Energía;2018;;;
Emisiones fugitivas de minería, procesamiento, almacenamiento y transporte de carbón;Energía;2019;;;
Emisiones fugitivas de minería, procesamiento, almacenamiento y transporte de carbón;Energía;2020;;;
Emisiones fugitivas de sistemas de petróleo y gas natural;Energía;2000;215.748;;
Emisiones fugitivas de sistemas de petróleo y gas natural;Energía;2001;174.854;;
Emisiones fugitivas de sistemas de petróleo y gas natural;Energía;2002;131.773;;
Emisiones fugitivas de sistemas de petróleo y gas natural;Energía;2003;149.007;;
Emisiones fugitivas de sistemas de petróleo y gas natural;Energía;2004;190.570;;
Emisiones fugitivas de sistemas de petróleo y gas natural;Energía;2005;165.862;;
Emisiones fugitivas de sistemas de petróleo y gas natural;Energía;2006;172.522;;
Emisiones fugitivas de sistemas de petróleo y gas natural;Energía;2007;176.942;;
Emisiones fugitivas de sistemas de petróleo y gas natural;Energía;2008;167.557;;
Emisiones fugitivas de sistemas de petróleo y gas natural;Energía;2009;166.019;;
Emisiones fugitivas de sistemas de petróleo y gas natural;Energía;2010;143.770;;
Emisiones fugitivas de sistemas de petróleo y gas natural;Energía;2011;151.107;;
Emisiones fugitivas de sistemas de petróleo y gas natural;Energía;2012;155.705;;
Emisiones fugitivas de sistemas de petróleo y gas natural;Energía;2013;147.198;;
Emisiones fugitivas de sistemas de petróleo y gas natural;Energía;2014;137.386;;
Emisiones fugitivas de sistemas de petróleo y gas natural;Energía;2015;138.633;;
Emisiones fugitivas de sistemas de petróleo y gas natural;Energía;2016;130.475;;
Emisiones fugitivas de sistemas de petróleo y gas natural;Energía;2017;162.628;;
Emisiones fugitivas de sistemas de petróleo y gas natural;Energía;2018;165.685;;
Emisiones fugitivas de sistemas de petróleo y gas natural;Energía;2019;162.916;;
Emisiones fugitivas de sistemas de petróleo y gas natural;Energía;2020;161.998;;
Fuentes no especificadas;Energía;2000;;;
Fuentes no especificadas;Energía;2001;;;
Fuentes no especificadas;Energía;2002;;;
Fuentes no especificadas;Energía;2003;;;
Fuentes no especificadas;Energía;2004;;;
Fuentes no especificadas;Energía;2005;;;
Fuentes no especificadas;Energía;2006;;;
Fuentes no especificadas;Energía;2007;;;
Fuentes no especificadas;Energía;2008;;;
Fuentes no especificadas;Energía;2009;;;
Fuentes no especificadas;Energía;2010;;;
Fuentes no especificadas;Energía;2011;;;
Fuentes no especificadas;Energía;2012;;;
Fuentes no especificadas;Energía;2013;;;
Fuentes no especificadas;Energía;2014;;;
Fuentes no especificadas;Energía;2015;;;
Fuentes no especificadas;Energía;2016;;;
Fuentes no especificadas;Energía;2017;;;
Fuentes no especificadas;Energía;2018;;;
Fuentes no especificadas;Energía;2019;;;
Fuentes no especificadas;Energía;2020;;;
Generación de energía entregada a la red;Energía;2000;7.473.861;;
Generación de energía entregada a la red;Energía;2001;4.446.949;;
Generación de energía entregada a la red;Energía;2002;2.603.272;;
Generación de energía entregada a la red;Energía;2003;3.315.922;;
Generación de energía entregada a la red;Energía;2004;6.820.550;;
Generación de energía entregada a la red;Energía;2005;7.201.767;;
Generación de energía entregada a la red;Energía;2006;8.127.188;;
Generación de energía entregada a la red;Energía;2007;9.661.187;;
Generación de energía entregada a la red;Energía;2008;10.160.462;;
Generación de energía entregada a la red;Energía;2009;8.480.064;;
Generación de energía entregada a la red;Energía;2010;8.725.187;;
Generación de energía entregada a la red;Energía;2011;10.063.663;;
Generación de energía entregada a la red;Energía;2012;10.045.292;;
Generación de energía entregada a la red;Energía;2013;9.548.421;;
Generación de energía entregada a la red;Energía;2014;9.114.852;;
Generación de energía entregada a la red;Energía;2015;9.816.462;;
Generación de energía entregada a la red;Energía;2016;8.988.467;;
Generación de energía entregada a la red;Energía;2017;8.591.771;;
Generación de energía entregada a la red;Energía;2018;6.994.765;;
Generación de energía entregada a la red;Energía;2019;5.793.884;;
Generación de energía entregada a la red;Energía;2020;6.148.370;;
Industrias de la energía;Energía;2000;;;
Industrias de la energía;Energía;2001;;;
Industrias de la energía;Energía;2002;;;
Industrias de la energía;Energía;2003;;;
Industrias de la energía;Energía;2004;;;
Industrias de la energía;Energía;2005;;;
Industrias de la energía;Energía;2006;;;
Industrias de la energía;Energía;2007;;;
Industrias de la energía;Energía;2008;;;
Industrias de la energía;Energía;2009;;;
Industrias de la energía;Energía;2010;;;
Industrias de la energía;Energía;2011;;;
Industrias de la energía;Energía;2012;;;
Industrias de la energía;Energía;2013;;;
Industrias de la energía;Energía;2014;;;
Industrias de la energía;Energía;2015;;;
Industrias de la energía;Energía;2016;;;
Industrias de la energía;Energía;2017;;;
Industrias de la energía;Energía;2018;;;
Industrias de la energía;Energía;2019;;;
Industrias de la energía;Energía;2020;;;
Industrias manufactureras y construcción;Energía;2000;592.144;188.163;26.780
Industrias manufactureras y construcción;Energía;2001;464.262;118.805;17.273
Industrias manufactureras y construcción;Energía;2002;404.288;114.139;18.878
Industrias manufactureras y construcción;Energía;2003;453.401;142.169;23.160
Industrias manufactureras y construcción;Energía;2004;468.293;212.950;33.682
Industrias manufactureras y construcción;Energía;2005;407.914;250.710;38.471
Industrias manufactureras y construcción;Energía;2006;518.787;289.508;43.468
Industrias manufactureras y construcción;Energía;2007;545.024;316.120;47.167
Industrias manufactureras y construcción;Energía;2008;459.817;336.806;48.798
Industrias manufactureras y construcción;Energía;2009;378.968;300.317;43.776
Industrias manufactureras y construcción;Energía;2010;1.250.773;316.685;45.659
Industrias manufactureras y construcción;Energía;2011;1.891.694;344.135;48.608
Industrias manufactureras y construcción;Energía;2012;1.573.437;336.118;46.928
Industrias manufactureras y construcción;Energía;2013;849.862;370.876;53.485
Industrias manufactureras y construcción;Energía;2014;662.529;324.588;48.075
Industrias manufactureras y construcción;Energía;2015;530.369;321.222;51.167
Industrias manufactureras y construcción;Energía;2016;742.126;427.765;69.586
Industrias manufactureras y construcción;Energía;2017;1.288.080;275.993;45.046
Industrias manufactureras y construcción;Energía;2018;977.674;253.621;46.411
Industrias manufactureras y construcción;Energía;2019;670.928;208.523;41.254
Industrias manufactureras y construcción;Energía;2020;617.753;192.367;42.905
Navegación;Transporte;2000;;;
Navegación;Transporte;2001;;;
Navegación;Transporte;2002;;;
Navegación;Transporte;2003;;;
Navegación;Transporte;2004;;;
Navegación;Transporte;2005;;;
Navegación;Transporte;2006;;;
Navegación;Transporte;2007;;;
Navegación;Transporte;2008;;;
Navegación;Transporte;2009;;;
Navegación;Transporte;2010;;;
Navegación;Transporte;2011;;;
Navegación;Transporte;2012;;;
Navegación;Transporte;2013;;;
Navegación;Transporte;2014;;;
Navegación;Transporte;2015;;;
Navegación;Transporte;2016;;;
Navegación;Transporte;2017;;;
Navegación;Transporte;2018;;;
Navegación;Transporte;2019;;;
Navegación;Transporte;2020;;;
Residuos biológicos generados en la ciudad;Residuos;2000;;;
Residuos biológicos generados en la ciudad;Residuos;2001;;;
Residuos biológicos generados en la ciudad;Residuos;2002;;;
Residuos biológicos generados en la ciudad;Residuos;2003;;;
Residuos biológicos generados en la ciudad;Residuos;2004;;;
Residuos biológicos generados en la ciudad;Residuos;2005;;;
Residuos biológicos generados en la ciudad;Residuos;2006;;;
Residuos biológicos generados en la ciudad;Residuos;2007;;;
Residuos biológicos generados en la ciudad;Residuos;2008;;;
Residuos biológicos generados en la ciudad;Residuos;2009;;;
Residuos biológicos generados en la ciudad;Residuos;2010;;;
Residuos biológicos generados en la ciudad;Residuos;2011;;;
Residuos biológicos generados en la ciudad;Residuos;2012;;;
Residuos biológicos generados en la ciudad;Residuos;2013;;;5.893
Residuos biológicos generados en la ciudad;Residuos;2014;;;12.031
Residuos biológicos generados en la ciudad;Residuos;2015;;;10.113
Residuos biológicos generados en la ciudad;Residuos;2016;;;10.755
Residuos biológicos generados en la ciudad;Residuos;2017;;;11.563
Residuos biológicos generados en la ciudad;Residuos;2018;;;12.100
Residuos biológicos generados en la ciudad;Residuos;2019;;;9.018
Residuos biológicos generados en la ciudad;Residuos;2020;;;9.067
Residuos biológicos generados fuera de la ciudad;Residuos;2000;;;
Residuos biológicos generados fuera de la ciudad;Residuos;2001;;;
Residuos biológicos generados fuera de la ciudad;Residuos;2002;;;
Residuos biológicos generados fuera de la ciudad;Residuos;2003;;;
Residuos biológicos generados fuera de la ciudad;Residuos;2004;;;
Residuos biológicos generados fuera de la ciudad;Residuos;2005;;;
Residuos biológicos generados fuera de la ciudad;Residuos;2006;;;
Residuos biológicos generados fuera de la ciudad;Residuos;2007;;;
Residuos biológicos generados fuera de la ciudad;Residuos;2008;;;
Residuos biológicos generados fuera de la ciudad;Residuos;2009;;;
Residuos biológicos generados fuera de la ciudad;Residuos;2010;;;
Residuos biológicos generados fuera de la ciudad;Residuos;2011;;;
Residuos biológicos generados fuera de la ciudad;Residuos;2012;;;
Residuos biológicos generados fuera de la ciudad;Residuos;2013;;;
Residuos biológicos generados fuera de la ciudad;Residuos;2014;;;
Residuos biológicos generados fuera de la ciudad;Residuos;2015;;;
Residuos biológicos generados fuera de la ciudad;Residuos;2016;;;
Residuos biológicos generados fuera de la ciudad;Residuos;2017;;;
Residuos biológicos generados fuera de la ciudad;Residuos;2018;;;
Residuos biológicos generados fuera de la ciudad;Residuos;2019;;;
Residuos biológicos generados fuera de la ciudad;Residuos;2020;;;
Residuos incinerados y quemados generados fuera de la ciudad;Residuos;2000;;;
Residuos incinerados y quemados generados fuera de la ciudad;Residuos;2001;;;
Residuos incinerados y quemados generados fuera de la ciudad;Residuos;2002;;;
Residuos incinerados y quemados generados fuera de la ciudad;Residuos;2003;;;
Residuos incinerados y quemados generados fuera de la ciudad;Residuos;2004;;;
Residuos incinerados y quemados generados fuera de la ciudad;Residuos;2005;;;
Residuos incinerados y quemados generados fuera de la ciudad;Residuos;2006;;;
Residuos incinerados y quemados generados fuera de la ciudad;Residuos;2007;;;
Residuos incinerados y quemados generados fuera de la ciudad;Residuos;2008;;;
Residuos incinerados y quemados generados fuera de la ciudad;Residuos;2009;;;
Residuos incinerados y quemados generados fuera de la ciudad;Residuos;2010;;;
Residuos incinerados y quemados generados fuera de la ciudad;Residuos;2011;;;
Residuos incinerados y quemados generados fuera de la ciudad;Residuos;2012;;;
Residuos incinerados y quemados generados fuera de la ciudad;Residuos;2013;;;
Residuos incinerados y quemados generados fuera de la ciudad;Residuos;2014;;;
Residuos incinerados y quemados generados fuera de la ciudad;Residuos;2015;;;
Residuos incinerados y quemados generados fuera de la ciudad;Residuos;2016;;;
Residuos incinerados y quemados generados fuera de la ciudad;Residuos;2017;;;
Residuos incinerados y quemados generados fuera de la ciudad;Residuos;2018;;;
Residuos incinerados y quemados generados fuera de la ciudad;Residuos;2019;;;
Residuos incinerados y quemados generados fuera de la ciudad;Residuos;2020;;;
Residuos incinerados y quemados generados en la ciudad;Residuos;2000;;;
Residuos incinerados y quemados generados en la ciudad;Residuos;2001;;;
Residuos incinerados y quemados generados en la ciudad;Residuos;2002;;;
Residuos incinerados y quemados generados en la ciudad;Residuos;2003;;;
Residuos incinerados y quemados generados en la ciudad;Residuos;2004;;;
Residuos incinerados y quemados generados en la ciudad;Residuos;2005;;;
Residuos incinerados y quemados generados en la ciudad;Residuos;2006;;;
Residuos incinerados y quemados generados en la ciudad;Residuos;2007;;;
Residuos incinerados y quemados generados en la ciudad;Residuos;2008;;;
Residuos incinerados y quemados generados en la ciudad;Residuos;2009;;;
Residuos incinerados y quemados generados en la ciudad;Residuos;2010;;;
Residuos incinerados y quemados generados en la ciudad;Residuos;2011;;;
Residuos incinerados y quemados generados en la ciudad;Residuos;2012;;;
Residuos incinerados y quemados generados en la ciudad;Residuos;2013;;;
Residuos incinerados y quemados generados en la ciudad;Residuos;2014;;;
Residuos incinerados y quemados generados en la ciudad;Residuos;2015;;;
Residuos incinerados y quemados generados en la ciudad;Residuos;2016;;;
Residuos incinerados y quemados generados en la ciudad;Residuos;2017;;;
Residuos incinerados y quemados generados en la ciudad;Residuos;2018;;;
Residuos incinerados y quemados generados en la ciudad;Residuos;2020;;;
Residuos incinerados y quemados generados en la ciudad;Residuos;2019;;;
Residuos sólidos generados en la ciudad;Residuos;2000;;;1.719.235
Residuos sólidos generados en la ciudad;Residuos;2001;;;1.763.622
Residuos sólidos generados en la ciudad;Residuos;2002;;;1.793.295
Residuos sólidos generados en la ciudad;Residuos;2003;;;1.773.326
Residuos sólidos generados en la ciudad;Residuos;2004;;;1.757.837
Residuos sólidos generados en la ciudad;Residuos;2005;;;1.758.600
Residuos sólidos generados en la ciudad;Residuos;2006;;;1.736.211
Residuos sólidos generados en la ciudad;Residuos;2007;;;1.729.611
Residuos sólidos generados en la ciudad;Residuos;2008;;;1.667.474
Residuos sólidos generados en la ciudad;Residuos;2009;;;1.644.452
Residuos sólidos generados en la ciudad;Residuos;2010;;;1.606.316
Residuos sólidos generados en la ciudad;Residuos;2011;;;1.693.379
Residuos sólidos generados en la ciudad;Residuos;2012;;;1.847.577
Residuos sólidos generados en la ciudad;Residuos;2013;;;1.949.358
Residuos sólidos generados en la ciudad;Residuos;2014;;;2.050.583
Residuos sólidos generados en la ciudad;Residuos;2015;;;2.039.276
Residuos sólidos generados en la ciudad;Residuos;2016;;;2.008.657
Residuos sólidos generados en la ciudad;Residuos;2017;;;1.956.657
Residuos sólidos generados en la ciudad;Residuos;2018;;;1.861.843
Residuos sólidos generados en la ciudad;Residuos;2019;;;1.804.765
Residuos sólidos generados en la ciudad;Residuos;2020;;;1.749.362
Residuos sólidos generados fuera de la ciudad;Residuos;2000;;;
Residuos sólidos generados fuera de la ciudad;Residuos;2001;;;
Residuos sólidos generados fuera de la ciudad;Residuos;2002;;;
Residuos sólidos generados fuera de la ciudad;Residuos;2003;;;
Residuos sólidos generados fuera de la ciudad;Residuos;2004;;;
Residuos sólidos generados fuera de la ciudad;Residuos;2005;;;
Residuos sólidos generados fuera de la ciudad;Residuos;2006;;;
Residuos sólidos generados fuera de la ciudad;Residuos;2007;;;
Residuos sólidos generados fuera de la ciudad;Residuos;2008;;;
Residuos sólidos generados fuera de la ciudad;Residuos;2009;;;
Residuos sólidos generados fuera de la ciudad;Residuos;2010;;;
Residuos sólidos generados fuera de la ciudad;Residuos;2011;;;
Residuos sólidos generados fuera de la ciudad;Residuos;2012;;;
Residuos sólidos generados fuera de la ciudad;Residuos;2013;;;
Residuos sólidos generados fuera de la ciudad;Residuos;2014;;;
Residuos sólidos generados fuera de la ciudad;Residuos;2015;;;
Residuos sólidos generados fuera de la ciudad;Residuos;2016;;;
Residuos sólidos generados fuera de la ciudad;Residuos;2017;;;
Residuos sólidos generados fuera de la ciudad;Residuos;2018;;;
Residuos sólidos generados fuera de la ciudad;Residuos;2019;;;
Residuos sólidos generados fuera de la ciudad;Residuos;2020;;;
Transporte Carretero;Transporte;2000;3.292.581;;
Transporte Carretero;Transporte;2001;3.420.185;;
Transporte Carretero;Transporte;2002;3.319.154;;
Transporte Carretero;Transporte;2003;3.405.722;;
Transporte Carretero;Transporte;2004;3.369.181;;
Transporte Carretero;Transporte;2005;3.269.494;;
Transporte Carretero;Transporte;2006;3.127.640;;
Transporte Carretero;Transporte;2007;3.374.520;;
Transporte Carretero;Transporte;2008;3.447.644;;
Transporte Carretero;Transporte;2009;3.418.795;;
Transporte Carretero;Transporte;2010;3.405.766;;
Transporte Carretero;Transporte;2011;3.356.232;;
Transporte Carretero;Transporte;2012;3.446.132;;
Transporte Carretero;Transporte;2013;3.734.048;;
Transporte Carretero;Transporte;2014;3.366.063;;
Transporte Carretero;Transporte;2015;3.378.716;;
Transporte Carretero;Transporte;2016;3.457.000;;
Transporte Carretero;Transporte;2017;3.384.207;;
Transporte Carretero;Transporte;2018;3.387.023;;
Transporte Carretero;Transporte;2019;3.365.211;;
Transporte Carretero;Transporte;2020;2.386.734;;
Transporte fuera de rutas;Transporte;2000;;;
Transporte fuera de rutas;Transporte;2001;;;
Transporte fuera de rutas;Transporte;2002;;;
Transporte fuera de rutas;Transporte;2003;;;
Transporte fuera de rutas;Transporte;2004;;;
Transporte fuera de rutas;Transporte;2005;;;
Transporte fuera de rutas;Transporte;2006;;;
Transporte fuera de rutas;Transporte;2007;;;
Transporte fuera de rutas;Transporte;2008;;;
Transporte fuera de rutas;Transporte;2009;;;
Transporte fuera de rutas;Transporte;2010;;;
Transporte fuera de rutas;Transporte;2011;;;
Transporte fuera de rutas;Transporte;2012;;;
Transporte fuera de rutas;Transporte;2013;;;
Transporte fuera de rutas;Transporte;2014;;;
Transporte fuera de rutas;Transporte;2015;;;
Transporte fuera de rutas;Transporte;2016;;;
Transporte fuera de rutas;Transporte;2017;;;
Transporte fuera de rutas;Transporte;2018;;;
Transporte fuera de rutas;Transporte;2019;;;
Transporte fuera de rutas;Transporte;2020;;;
Trenes y subtes;Transporte;2000;17.681;49.201;14.819
Trenes y subtes;Transporte;2001;17.788;34.132;12.530
Trenes y subtes;Transporte;2002;15.619;33.378;11.402
Trenes y subtes;Transporte;2003;14.778;35.572;11.721
Trenes y subtes;Transporte;2004;14.790;53.618;14.353
Trenes y subtes;Transporte;2005;14.224;60.526;15.074
Trenes y subtes;Transporte;2006;16.468;51.085;14.033
Trenes y subtes;Transporte;2007;15.981;78.325;17.745
Trenes y subtes;Transporte;2008;16.259;90.621;19.415
Trenes y subtes;Transporte;2009;16.826;83.653;18.887
Trenes y subtes;Transporte;2010;17.023;88.235;19.378
Trenes y subtes;Transporte;2011;16.649;99.431;20.587
Trenes y subtes;Transporte;2012;16.918;96.377;19.823
Trenes y subtes;Transporte;2013;16.202;79.179;17.564
Trenes y subtes;Transporte;2014;16.388;81.384;19.410
Trenes y subtes;Transporte;2015;16.666;80.544;19.699
Trenes y subtes;Transporte;2016;14.645;57.873;13.207
Trenes y subtes;Transporte;2017;14.266;48.143;11.367
Trenes y subtes;Transporte;2018;13.144;45.918;8.631
Trenes y subtes;Transporte;2019;13.710;40.083;8.227
Trenes y subtes;Transporte;2020;12.400;36.429;8.470
